Word,Most Repeated Number,Count
the,2,260
and,2,203
to,50,212
of,2,181
in,2,150
a,2,84
or,50,101
you,50,144
your,50,126
this,50,52
be,50,39
with,50,52
as,2,47
by,2,56
may,50,40
Wikimedia,50,82
for,2,48
we,50,85
is,50,40
that,50,56
are,2,40
on,2,32
use,50,59
our,50,72
We,50,61
cars,2,67
car,2,62
not,50,41
can,50,37
information,50,55
more,50,29
The,2,37
from,2,32
was,2,44
Personal,50,48
Information,50,48
have,2,24
Other,3,2
reasons,3,2
message,3,2
displayed:,3,2
about,50,30
an,2,17
Sites,50,38
other,50,19
such,2,20
also,2,14
it,50,22
their,50,17
first,2,32
In,2,22
which,2,21
will,50,26
Policy,50,32
if,50,26
some,50,20
vehicles,2,29
at,2,14
how,50,26
do,50,27
were,2,25
all,52,9
Privacy,50,26
any,50,18
This,50,11
these,50,16
include,2,16
For,50,18
used,50,14
but,2,9
data,50,21
You,50,16
page,50,5
public,50,16
If,50,18
receive,50,21
so,50,11
only,50,12
search,32,5
vehicle,2,19
they,2,13
like,50,13
us,50,18
been,2,15
production,2,18
users,50,16
access,50,18
when,50,12
Benz,2,17
his,2,17
time,50,11
create,50,11
make,50,15
share,50,13
address,50,16
request,50,12
Policy.,50,17
Sites.,50,17
than,2,13
fuel,2,16
example,50,11
email,50,15
built,2,15
engine,2,15
made,50,9
through,50,10
using,50,9
provide,50,13
please,50,13
user,50,15
them,50,8
electric,2,14
It,2,9
who,52,5
mobile,50,12
help,50,12
what,50,10
had,2,13
would,2,5
technologies,50,11
projects,52,10
account,50,11
see,50,8
want,50,12
IP,50,13
legal,50,12
one,2,11
most,2,6
created,50,4
often,2,7
Daimler,2,12
new,2,5
improve,50,11
Car/wiki/Car,39,2
Foundation,50,8
believe,50,10
understand,50,12
road,2,11
variety,50,6
line,2,10
no,50,7
policies,50,8
service,50,10
learn,50,10
better,50,11
Ford,2,10
Cars,2,10
controls,2,10
These,50,5
combustion,2,10
before,2,6
change,50,6
benefits,2,10
has,2,8
limited,2,5
including,2,5
name,50,6
includes,52,5
otherwise,50,8
services,50,9
results,39,2
third-party,50,10
FAQ.,50,10
providers,50,10
disclose,50,10
people,2,4
transport,2,9
designed,2,8
internal,2,9
systems,2,7
fossil,2,9
costs,2,9
interest,50,6
its,2,7
place,2,5
under,2,4
location,50,7
automatically,50,8
See,50,2
whether,50,3
device,50,9
necessary,50,9
run,2,5
while,2,6
US,2,8
after,2,5
features,50,5
air,2,8
early,2,8
less,2,6
many,2,6
world's,2,8
each,2,5
Maybach,2,8
patent,2,8
between,2,7
up,2,6
companies,2,8
there,2,6
version,50,7
based,2,5
could,2,6
work,50,6
brakes,2,8
However,50,6
via,50,7
without,50,5
Please,50,7
To,50,7
privacy,50,8
protect,50,7
and/or,50,6
automobile,2,7
part,2,5
pollution,2,7
automotive,2,7
industry,2,7
steam,2,7
development,2,7
company,2,7
sold,2,7
France,2,7
Because,50,6
set,2,4
petrol,2,7
assembly,2,7
As,50,4
result,2,4
certain,50,6
countries,2,6
local,50,3
Some,2,5
cities,2,7
increased,2,6
physical,50,3
types,50,4
publicly,50,6
contributions,50,6
Wikipedia,9,4
keep,50,6
further,50,6
experience,50,6
Create,31,1
wiki!,31,1
does,50,4
below,50,4
list,50,6
should,50,6
give,50,7
you.,50,7
technical,50,6
applies,52,5
Site,50,7
except,50,7
visit,50,7
stored,50,7
legitimate,50,7
reasonably,50,6
Code,52,7
Conduct,52,7
inventor,2,6
Motor,2,6
world,2,5
petrol-driven,2,6
individual,2,4
largest,2,5
usage,2,3
China,2,6
now,2,6
Britain,2,6
out,50,5
two,2,6
engines,2,6
United,2,4
against,2,3
own,2,4
others,2,4
year,2,6
already,2,3
produced,2,6
another,2,3
per,2,6
different,50,4
well,2,2
power,2,5
lights,2,6
typically,2,4
safer,50,5
carbon,2,6
date,50,5
personal,50,4
cannot,50,5
need,50,4
found.,31,1
collect,50,6
consent,50,6
described,50,6
contribute,50,6
cookies,50,6
understanding,50,6
particular,50,6
contribution,50,6
username,50,6
aggregated,50,6
device.,50,6
Your,50,6
abuse,50,4
ask,50,6
administrative,50,6
Universal,52,6
behaviour,52,6
motor,2,5
Most,2,5
roads,2,5
French,2,5
steam-powered,2,5
became,2,5
where,2,3
considered,52,3
driving,2,5
2020s,2,5
history,50,3
There,2,4
(if,50,4
maintaining,2,3
end,2,5
increasing,2,5
English,2,3
1895,2,5
long,2,4
powered,2,5
generally,50,4
Many,2,5
major,2,5
founded,2,3
They,2,3
producing,2,5
years,2,5
because,2,3
never,50,3
New,2,4
even,2,3
country,50,3
diesel,2,5
designs,2,5
over,2,4
000,2,5
Ford's,2,5
safety,2,5
instead,2,4
European,2,3
due,2,5
gain,50,4
into,2,3
(such,50,4
groups,50,3
consumption,2,5
edit,9,3
members,52,4
regarding,50,4
contact,50,4
site,50,2
community,50,2
review,39,2
content,50,3
language,50,3
free,50,5
knowledge,50,5
to:,52,3
organization,50,5
Information.,50,5
collection,50,5
collected,50,5
tool,50,5
show,50,4
password,50,5
event,50,4
confidential,50,5
provided,50,5
examples,50,5
upload,50,5
photo,50,5
metadata,50,5
preferences,50,5
locally,50,5
manage,50,5
comply,50,5
applicable,50,5
law.,50,5
notifications,50,5
rights,50,5
developers,50,5
spaces,52,5
A,2,4
de,2,4
Rivaz,2,4
modern,2,4
1886,2,4
German,2,4
available,2,3
during,2,4
American,2,4
rapidly,2,4
Europe,2,4
parts,2,4
developed,2,4
added,2,3
making,2,3
climate,2,4
100,2,4
maintenance,2,3
taxes,2,4
society,2,4
health,2,4
transportation,2,4
creation,2,2
turn,2,4
Great,2,4
auto,2,4
driver,2,4
model,2,4
cars.,2,4
called,2,4
develop,2,2
oil,2,4
hydrogen,2,4
design,2,4
Although,2,4
same,2,4
manufacturer,2,4
sales,2,4
very,2,4
specific,50,3
going,50,3
rapid,2,4
shared,2,4
those,2,2
cent,2,4
environmental,2,4
must,2,3
alternative,2,4
hybrid,2,4
million,2,4
growth,2,4
battery,2,4
(and,2,2
always,50,3
response,50,3
expected,2,2
needed],2,4
average,2,4
creating,50,2
least,50,3
found,50,3
everyone,52,2
permission,50,3
questions,50,3
participants,52,3
draft,39,2
default,32,2
setting,32,2
checking,39,2
know,50,3
nor,50,3
participate,50,2
committed,50,3
things,50,4
real,50,3
possible,50,3
tracking,50,4
ensure,50,4
third,50,4
situations,50,3
information.,50,4
sites,50,4
post,50,4
When,50,4
Internet,50,4
associated,50,4
content.,50,2
above,50,4
commonly-used,50,4
online,50,2
type,50,4
greater,50,4
security,50,4
note,50,4
obligations.,50,4
requests,50,4
legally,50,4
procedures,50,4
transferred,50,4
harassment,52,3
contractors,50,4
researchers,50,4
update,50,4
U.S.,50,4
following,52,3
events,52,4
contributors,52,4
four,2,3
practical,2,3
Carl,2,3
patented,2,3
20th,2,3
Model,2,3
horse-drawn,2,3
did,2,3
increase,2,3
until,2,2
parking,2,3
passenger,2,3
decades,2,3
additional,2,2
cost,2,3
use.,2,3
noise,2,3
Traffic,2,3
cause,2,3
mobility,2,3
economic,2,3
travel,2,3
revenue,2,3
move,2,3
around,2,3
believed,2,2
both,2,3
referred,2,2
attested,2,3
British,2,3
form,52,2
mission,2,1
in),50,2
carry,2,3
known,2,2
he,2,3
His,2,3
vehicle.,2,3
maintain,2,2
century,2,3
Kingdom,50,2
led,2,3
International,2,3
several,2,3
birth,50,2
granted,2,3
application,2,3
&,2,2
began,2,3
3,2,3
1893,2,3
design.,2,3
open,2,3
During,2,3
1897,2,3
brand,2,2
30,50,2
either,2,2
works,2,1
longer,2,3
later,2,2
placed,2,1
small,2,3
market,2,3
Peugeot,2,3
six,2,3
days,50,2
Selden,2,3
16,2,3
Henry,2,3
Springfield,2,3
followed,2,3
came,2,3
right,50,2
various,50,2
off,2,3
Japan,2,3
worker,2,3
high,2,3
efficiency,2,3
Germany,2,3
technology,2,2
manufacturers,2,3
volume,50,2
numbers,2,2
uses,50,2
products,50,2
take,52,2
become,2,2
plan,2,2
limit,2,2
emissions,2,3
energy,2,3
equipped,2,3
brake,2,3
original,50,2
light,2,3
system,50,2
multiple,2,3
electrical,2,3
prevent,50,2
way,2,3
visible,50,2
indicate,2,3
weight,2,3
resulting,2,3
SUVs,2,3
tax,2,3
seats.,2,3
large,2,3
requirements,50,2
standard,50,2
tests,2,3
private,2,2
urban,2,3
While,50,2
cultural,52,2
report,50,2
potential,50,2
recent,2,1
related,50,2
go,50,2
principles,50,2
software,50,2
experienced,52,2
sharing,2,2
level,2,1
movement,50,2
study,50,2
Foundation.,9,1
get,50,2
helps,50,2
track,50,2
hope,50,2
links,50,2
try,50,2
policy,30,2
exist.,39,2
submit,39,2
redirect,39,2
consider,39,2
topic,39,2
covered.,39,2
wish,47,1
why,50,2
No,50,2
Commons,50,3
disclosure,50,3
nonpublic,50,3
sell,50,3
terms,50,3
pixels,50,3
just,50,3
find,50,3
explained,50,3
below.,50,3
cover,50,3
process,50,3
(like,50,3
parties,50,3
section,50,3
relevant,50,3
obligations,50,3
permitted,50,3
exceptions,52,2
seen,50,3
signed,50,3
actively,50,2
aware,50,3
infer,50,3
choose,50,3
cases,50,2
communities,52,2
demographics,50,3
intended,50,2
settings,50,3
location.,50,3
them.,50,2
practices,50,3
fight,50,3
tools,50,3
interaction,50,2
services.,50,3
accordance,50,3
users.,50,3
activities,50,2
kinds,50,3
Notifications,50,3
Preferences,50,3
stated,50,3
notice,50,3
changes,50,3
policy.,50,3
consistent,50,3
investigate,50,3
person,52,2
employees,52,2
put,50,3
treat,50,2
guarantee,50,3
measures,50,3
respect,52,2
located,50,3
environments,52,3
behaviour.,52,3
board,52,3
towards,52,3
primarily,2,1
seat,2,2
Nicolas-Joseph,2,2
Cugnot,2,2
Swiss,2,2
François,2,2
Isaac,2,2
constructed,2,2
car—a,2,2
marketable,2,2
everyday,2,2
invented,2,2
widely,2,2
affordable,2,2
T,2,2
manufactured,2,2
adopted,2,2
replaced,2,2
automobiles,2,2
World,2,2
War,2,2
essential,2,1
comfort,2,2
Over,2,2
complex.,2,2
conditioning,2,2
navigation,2,2
in-car,2,2
entertainment.,2,2
buy,2,2
mitigation,2,2
solutions,2,2
acquiring,2,2
repairs,2,2
depreciation,2,2
fees,2,2
congestion,2,2
disposing,2,2
collisions,2,2
injury-related,2,2
deaths,2,2
worldwide.[10],2,2
on-demand,2,2
independence,2,2
Societal,2,2
job,2,2
wealth,2,2
provision,2,2
leisure,2,2
opportunities,2,2
generation,2,2
ability,2,2
flexibly,2,2
far-reaching,2,2
implications,2,2
nature,2,2
societies.[12],2,2
billion,2,2
worldwide.,2,1
Car,2,2
especially,2,1
Latin,2,2
wheeled,2,2
North,2,2
cart,2,2
carriage,2,2
formal,2,1
term,2,1
meaning,2,1
self-propelled,2,2
Automobile,2,2
compound,2,2
derived,2,2
Club,2,2
fell,2,2
commonly,2,1
member,2,1
unable,2,2
building,2,2
mechanical,2,2
He,2,2
inventions,2,2
water,2,2
demonstrated,2,2
little,2,2
19th,2,2
1807,2,2
fuelled,2,2
mixture,2,2
Lycopodium,2,2
dust,2,2
successful,2,2
case,2,1
Samuel,2,2
November,2,2
three-wheeled,2,2
electricity,2,2
working,2,1
1879,2,2
Germany.,2,2
Cie.,2,2
25,2,1
1888,2,2
along,2,1
cheaper,2,2
Roger,2,2
trip,2,2
prove,2,2
1896,2,2
1899,2,2
central,2,1
1890,2,2
1892,2,2
By,2,1
work.,2,1
merger,2,1
named,2,2
number,2,2
race,2,2
1902,2,2
DMG,2,2
completed,2,2
2,2,2
kilometres,2,2
(1,2,2
Charles,2,2
After,2,1
running,2,2
Duryea,2,2
took,2,1
started,2,2
build,2,2
success,2,2
Thomas,2,2
having,2,2
Company,2,2
engines.,2,1
few,2,2
conventional,2,2
manufacturing,2,2
pioneered,2,2
mass,2,2
interchangeable,2,2
greatly,2,2
expanded,2,2
beginning,2,2
1913,2,2
much,2,2
previous,2,2
methods,2,1
1,2,2
Only,2,2
black,2,2
source,2,1
allowing,2,2
combination,2,2
copied,2,1
rise,2,1
US.,2,2
forced,2,2
pace,2,2
worldwide,2,2
1923,2,2
Citroën,2,2
native,2,1
risk,2,2
1930,2,2
Key,2,1
developments,2,2
included,2,1
ignition,2,2
Cadillac,2,2
suspension,2,2
1920s,2,2
meet,2,2
needs,2,2
marketing,2,1
plans,2,2
established,2,2
makes,2,2
larger,2,2
resulted,2,2
lower,2,2
doors,2,2
windows,2,2
makers,2,2
afford,2,2
Morris,2,2
1924,2,2
soon,2,2
follow,2,1
integration,2,2
buying,2,2
1925,2,2
coming,2,1
Opel,2,2
top,2,1
Mitsubishi,2,2
Fiat,2,2
Toyota,2,2
decision,2,1
world.,2,1
together,2,1
sector,2,2
burnt,2,2
says,2,1
petrol-fuelled,2,2
late,2,2
ban,2,2
older,2,2
laws,2,1
greenhouse,2,2
plug-in,2,2
2021,2,1
speed,2,2
common,2,1
21st,2,2
wheel,2,2
almost,2,2
regenerative,2,2
braking,2,2
friction,2,2
disc,2,2
emergency,2,2
city,2,2
pedals,2,2
operating,2,1
transmission,2,1
clutch,2,2
cars',2,2
evolving,2,2
Another,2,2
increasingly,2,2
earlier,2,2
portable,2,2
on-board,2,2
More,2,2
seats,2,2
damage,2,1
fitted,2,2
illuminate,2,2
area,2,1
(e.g.,2,2
usually,2,1
steel,2,2
Heavier,2,2
performance,2,2
pedestrian,2,2
materials,2,2
aluminium,2,2
charging,2,2
lighter,2,2
occupants,2,2
five,2,2
utility,2,2
depending,2,1
cargo,2,2
space,2,2
alternatives,2,2
value,2,2
usage.,2,2
dates,2,1
Similarly,2,1
although,2,1
ways,2,1
driven,2,2
however,2,1
purchase,2,2
polluting,2,2
incentive,2,2
smaller,2,2
lifetime,2,2
2019,2,2
far,2,2
bad,2,1
banned,2,2
intensive,2,2
similar,2,1
popularity,2,2
Animals,2,2
affected,2,1
habitat,2,2
50,2,2
every,2,1
wildlife,2,2
congested,2,2
States,2,2
low-income,2,2
order,2,1
exist,2,1
monetary,2,1
developing,2,1
open-source,2,1
Services,2,1
offer,2,1
then,2,1
consuming,2,2
despite,2,1
social,2,1
likely,2,1
introducing,2,1
Thank,9,1
supporting,9,2
means,9,1
don't,9,2
join,9,2
us.,9,1
log,9,1
options,9,1
contributions.,9,1
project,9,1
searching,29,1
feedback,30,1
talk,30,1
page.,30,1
Wikisource,32,2
recommend,32,1
subpages,32,2
title,32,1
articles,32,1
reason,32,1
items,37,1
deleted,47,1
circumvented,50,1
eroded,50,1
ignored,50,1
officers,50,1
staff,50,1
collaborative,50,2
websites,50,2
explains,50,2
simple,50,2
non-profit,50,2
hosts,50,1
processing,50,2
storage,50,2
reading,50,2
carefully,50,2
movement.,50,1
rent,50,2
accessible,50,1
learning,50,2
Put,50,2
wants,50,1
might,50,2
Terms,50,2
able,50,2
throughout,50,2
here,50,1
Except,50,2
covers,50,2
covered,50,2
Sometimes,50,2
knowledge.,50,1
handle,50,2
come,50,2
across,50,2
remove,50,2
add,50,1
protections,50,2
everyone.,50,2
pages,50,2
record,50,2
removed,50,2
in).,50,2
Use,50,2
Like,50,2
people.,50,1
revealing,50,2
anyone,50,1
Site.,50,2
(although,50,2
feature,50,2
attributed,50,2
address.,50,2
Want,50,2
account?,50,2
Do,50,2
read,50,2
password.,50,2
addresses,50,2
Once,50,2
accounts,50,2
circumstances,50,2
projects.,50,2
gender,50,1
age,50,1
tell,50,2
completely,50,2
optional.,50,2
GPS,50,2
app,50,2
signals,50,2
sent,50,2
(or,50,2
proxy,50,2
server),50,2
geographical,50,2
easier,50,2
customizable,50,2
helpful,50,2
loads,50,2
versions,50,2
browser,50,2
browser's,50,2
optimize,50,2
applications,50,2
customize,50,2
JavaScript,50,2
best,50,2
purposes.,50,2
Depending,50,2
ever,50,2
disable,50,2
data.,50,2
actions,50,2
taken,50,2
purpose,50,2
engage,50,2
relationship,50,2
instances,50,2
send,50,2
User,50,2
profile.,50,2
identify,50,1
reminder,50,2
visiting,50,2
anonymized,50,2
areas.,50,2
support,50,2
guidelines.,50,2
possible.,50,1
law,50,2
themselves,50,2
calendar,50,2
contacting,50,1
unlikely,50,2
ownership,50,2
becomes,50,2
subject,50,2
mailing,50,2
actions.,50,2
writing,50,2
activity,50,2
behavior,50,2
user-selected,50,2
confidentiality,50,2
guidelines,50,1
agree,50,2
logged,50,2
public.,50,2
(Check,50,2
consistently,50,2
users',50,2
findings,50,2
reasonable,50,1
FAQ.),50,2
unauthorized,50,2
disclosure.,50,2
strive,50,1
privacy@wikimedia.org,50,2
days.,50,2
retention,50,2
removal,50,2
protection,50,2
Economic,50,2
Area,50,2
delete,50,2
representative,50,2
mail,50,2
at:,50,2
authority,50,2
takes,50,1
June,50,2
Board,50,1
(UCoC),52,2
minimum,52,2
unacceptable,52,2
offline,52,2
functionaries,52,2
within,52,2
Wikimedians,52,2
intimidate,52,2
Harassment,52,2
position,52,2
Paragraphs,1,1
wheels.,2,1
definitions,2,1
state,2,1
eight,2,1
wheels,2,1
mainly,2,1
cargo.[1][2],2,1
1769,2,1
combustion-powered,2,1
1808.,2,1
use—was,2,1
Patent-Motorwagen.,2,1
Commercial,2,1
century.,2,1
One,2,1
masses,2,1
begun,2,1
1908,2,1
Company.,2,1
carriages.[3],2,1
demand,2,1
II.[4],2,1
economy.,2,1
lamps.,2,1
progressively,2,1
rear-reversing,2,1
cameras,2,1
propelled,2,1
fueled,2,1
fuels.,2,1
Electric,2,1
commercially,2,1
2000s,2,1
predicted,2,1
2025.[5][6],2,1
transition,2,1
fuel-powered,2,1
prominently,2,1
scenarios,2,1
[7],2,1
Project,2,1
Drawdown's,2,1
actionable,2,1
change.[8],2,1
payments,2,1
financed),2,1
insurance.[9],2,1
land-use,2,1
life.,2,1
convenience.[11],2,1
societal,2,1
well-being,2,1
taxation.,2,1
People's,2,1
India,2,1
newly,2,1
industrialised,2,1
countries.[13],2,1
word,2,1
originate,2,1
carrus/carrum,2,1
(via,2,1
Old,2,1
French),2,1
Middle,2,1
carre,2,1
two-wheeled,2,1
derive,2,1
Gaulish,2,1
karros,2,1
chariot.[14][15],2,1
originally,2,1
wagon.[16][17],2,1
usual,2,1
English.[2],2,1
Autocar,2,1
variant,2,1
likewise,2,1
literally,2,1
archaic.[18],2,1
Horseless,2,1
1895.[19],2,1
classical,2,1
Ancient,2,1
Greek,2,1
autós,2,1
(αὐτός),2,1
self,2,1
mobilis,2,1
movable,2,1
entered,2,1
1897.[20],2,1
favour,2,1
chiefly,2,1
America,2,1
[21],2,1
abbreviated,2,1
appears,2,1
adjective,2,1
formations,2,1
mechanic.[22][23],2,1
Ferdinand,2,1
Verbiest,2,1
Flemish,2,1
Jesuit,2,1
1672.,2,1
65-centimetre-long,2,1
(26,2,1
scale-model,2,1
toy,2,1
Kangxi,2,1
Emperor,2,1
passenger.[11][26][27],2,1
certainty,2,1
Verbiest's,2,1
successfully,2,1
run.[27],2,1
credited,2,1
full-scale,2,1
1769;,2,1
tricycle.[28],2,1
tractors,2,1
Army,2,1
preserved,2,1
National,2,1
Conservatory,2,1
Arts,2,1
Crafts.[28],2,1
problems,2,1
supply,2,1
pressure.[28],2,1
1801,2,1
Richard,2,1
Trevithick,2,1
Puffing,2,1
Devil,2,1
locomotive,2,1
demonstration,2,1
sufficient,2,1
pressure,2,1
periods,2,1
external,2,1
(steam),2,1
detailed,2,1
treated,2,1
separately,2,1
true,2,1
buses,2,1
phaetons,2,1
rollers.,2,1
sentiment,2,1
Locomotive,2,1
Acts,2,1
1865.,2,1
Nicéphore,2,1
Niépce,2,1
brother,2,1
Claude,2,1
probably,2,1
(which,2,1
Pyréolophore),2,1
installed,2,1
boat,2,1
river,2,1
Saone,2,1
France.[29],2,1
Coincidentally,2,1
engine.,2,1
Niépces',2,1
Pyréolophore,2,1
powder,2,1
(dried,2,1
spores,2,1
plant),2,1
finely,2,1
crushed,2,1
coal,2,1
resin,2,1
mixed,2,1
whereas,2,1
oxygen.[29],2,1
Neither,2,1
Brown,2,1
Morey,2,1
Etienne,2,1
Lenoir,2,1
[30],2,1
(usually,2,1
adapted,2,1
carriages,2,1
carts),2,1
engines.[31],2,1
1881,2,1
Gustave,2,1
Trouvé,2,1
Exposition,2,1
Electricity.[32],2,1
engineers,2,1
(including,2,1
Gottlieb,2,1
Wilhelm,2,1
Siegfried,2,1
Marcus),2,1
regarded,2,1
use—when,2,1
Patent-Motorwagen;,2,1
acknowledged,2,1
car.[31][33][34],2,1
1878.,2,1
feasible,2,1
powering,2,1
Motorwagen,2,1
1885,2,1
Mannheim,2,1
awarded,2,1
invention,2,1
29,2,1
January,2,1
(under,2,1
auspices,2,1
1883).,2,1
promotion,2,1
July,2,1
four-wheeler,2,1
introduced,2,1
model.,2,1
four-stroke,2,1
Emile,2,1
license,2,1
products.,2,1
initially,2,1
August,2,1
Bertha,2,1
wife,2,1
undertook,2,1
road-worthiness,2,1
her,2,1
husband's,2,1
invention.,2,1
internal-combustion,2,1
flat,2,1
boxermotor.,2,1
last,2,1
572,2,1
units,2,1
size,2,1
joint-stock,2,1
company.,2,1
factory-made,2,1
Czech,2,1
Nesselsdorfer,2,1
Wagenbau,2,1
(later,2,1
renamed,2,1
Tatra),2,1
Präsident,2,1
automobil.,2,1
Motoren,2,1
Gesellschaft,2,1
(DMG),2,1
Cannstatt,2,1
Daimler.,2,1
stagecoach,2,1
retrofitted,2,1
Hotel,2,1
Hermann,2,1
shop,2,1
disputes,2,1
backers.,2,1
team,2,1
seem,2,1
unaware,2,1
other's,2,1
worked,2,1
together;,2,1
DMG.,2,1
died,2,1
1900,2,1
Daimler-Mercedes,2,1
specially,2,1
ordered,2,1
specifications,2,1
Emil,2,1
Jellinek.,2,1
Jellinek,2,1
country.,2,1
Two,2,1
Mercedes,2,1
generated,2,1
35,2,1
hp.,2,1
quit,2,1
shortly,2,1
thereafter,2,1
opened,2,1
business,2,1
own.,2,1
Rights,2,1
manufacturers.,2,1
Émile,2,1
Levassor,2,1
Armand,2,1
laid,2,1
foundation,2,1
France.,2,1
1891,2,1
Auguste,2,1
Doriot,2,1
colleague,2,1
Louis,2,1
Rigoulot,2,1
longest,2,1
self-designed,2,1
Type,2,1
300,2,1
mi),2,1
Valentigney,2,1
Paris,2,1
Brest,2,1
back,2,1
again.,2,1
attached,2,1
Paris–Brest–Paris,2,1
bicycle,2,1
finished,2,1
winning,2,1
cyclist,2,1
Terront.,2,1
1877,2,1
George,2,1
Rochester,2,1
York.,2,1
applied,2,1
expired,2,1
built.,2,1
delay,2,1
series,2,1
attachments,2,1
5,2,1
(U.S.,2,1
549,2,1
160),2,1
two-stroke,2,1
hindered,2,1
encouraged,2,1
States.,2,1
challenged,2,1
overturned,2,1
1911.,2,1
road-tested,2,1
brothers,2,1
Massachusetts.,2,1
Wagon,2,1
21,2,1
September,2,1
Taylor,2,1
Street,2,1
Metro,2,1
Center,2,1
Springfield.[35][36],2,1
Studebaker,2,1
subsidiary,2,1
long-established,2,1
wagon,2,1
coach,2,1
1897[37]:,2,1
66,2,1
commenced,2,1
1904.[38],2,1
attempts,2,1
varying,2,1
degrees,2,1
Rickett,2,1
attempting,2,1
1860.[39],2,1
Santler,2,1
Malvern,2,1
recognised,2,1
Veteran,2,1
1894,2,1
[40],2,1
Frederick,2,1
William,2,1
Lanchester,2,1
one-offs.[40],2,1
Harry,2,1
J.,2,1
Lawson,2,1
purchasing,2,1
Lawson's,2,1
bore,2,1
Daimler.[40],2,1
engineer,2,1
Rudolf,2,1
Diesel,2,1
Rational,2,1
Combustion,2,1
Engine.,2,1
engine.[31],2,1
Steam-,2,1
electric-,2,1
competed,2,1
achieving,2,1
dominance,2,1
1910s.,2,1
pistonless,2,1
rotary,2,1
attempted,2,1
compete,2,1
piston,2,1
crankshaft,2,1
Mazda's,2,1
Wankel,2,1
success.,2,1
All,2,1
estimated,2,1
patents,2,1
motorcycle.[41],2,1
Large-scale,2,1
production-line,2,1
Ransom,2,1
Olds,2,1
1901,2,1
Oldsmobile,2,1
factory,2,1
Lansing,2,1
Michigan,2,1
upon,2,1
stationary,2,1
techniques,2,1
Marc,2,1
Isambard,2,1
Brunel,2,1
Portsmouth,2,1
Block,2,1
Mills,2,1
England,2,1
1802.,2,1
style,2,1
Blanchard,2,1
1821,2,1
Armory,2,1
Massachusetts.[42],2,1
concept,2,1
moving,2,1
Highland,2,1
Park,2,1
Plant.,2,1
15-minute,2,1
intervals,2,1
faster,2,1
productivity,2,1
eightfold,2,1
manpower,2,1
(from,2,1
12.5,2,1
manhours,2,1
hour,2,1
33,2,1
minutes).[43],2,1
paint,2,1
bottleneck.,2,1
dry,2,1
fast,2,1
enough,2,1
forcing,2,1
drop,2,1
colours,2,1
fast-drying,2,1
Duco,2,1
lacquer,2,1
1926.,2,1
apocryphal,2,1
remark,2,1
color,2,1
it's,2,1
black.[43],2,1
1914,2,1
months',2,1
pay.[43],2,1
complex,2,1
procedures—especially,2,1
assigning,2,1
roam,2,1
about—dramatically,2,1
reduced,2,1
rate,2,1
injury.[44],2,1
wages,2,1
Fordism,2,1
industries.,2,1
gains,2,1
coincided,2,1
workers,2,1
repetitive,2,1
motions,2,1
output,2,1
productive,2,1
methods.,2,1
dominating,2,1
quickly,2,1
spread,2,1
seeing,2,1
founding,2,1
1911,2,1
Denmark,2,1
1925;,2,1
1921,2,1
adopt,2,1
method.,2,1
Soon,2,1
lines,2,1
broke;,2,1
250,2,1
disappeared.[43],2,1
Development,2,1
hundreds,2,1
competing,2,1
attention.,2,1
self-starter,2,1
(both,2,1
Kettering,2,1
1910–1911),2,1
independent,2,1
four-wheel,2,1
brakes.,2,1
Since,2,1
nearly,2,1
mass-produced,2,1
heavily,2,1
influenced,2,1
Alfred,2,1
P.,2,1
Sloan,2,1
idea,2,1
General,2,1
Motors,2,1
Companion,2,1
Make,2,1
Program,2,1
buyers,2,1
fortunes,2,1
improved.,2,1
Reflecting,2,1
price,2,1
range.,2,1
1930s,2,1
LaSalles,2,1
Oldsmobile;,2,1
1950s,2,1
Chevrolet,2,1
bonnet,2,1
roof,2,1
Pontiac;,2,1
1990s,2,1
corporate,2,1
powertrains,2,1
platforms,2,1
(with,2,1
parts),2,1
common.,2,1
Even,2,1
Apperson,2,1
Cole,2,1
Dorris,2,1
Haynes,2,1
Premier,2,1
manage:,2,1
hundred,2,1
existence,2,1
1920,2,1
43,2,1
survived,2,1
Depression,2,1
1940,2,1
17,2,1
left.[43],2,1
happen.,2,1
Cowley,2,1
outsold,2,1
practice,2,1
vertical,2,1
Hotchkiss,2,1
(engines),2,1
Wrigley,2,1
(gearboxes),2,1
Osberton,2,1
(radiators),2,1
instance,2,1
competitors,2,1
Wolseley:,2,1
41,2,1
total,2,1
production.,2,1
small-car,2,1
assemblers,2,1
Abbey,2,1
Xtra,2,1
gone,2,1
under.,2,1
1919;,2,1
cheap,2,1
reply,2,1
Renault's,2,1
10CV,2,1
Peugeot's,2,1
5CV,2,1
550,2,1
Mors,2,1
Hurtu,2,1
compete.[43],2,1
Germany's,2,1
mass-manufactured,2,1
4PS,2,1
Laubfrosch,2,1
(Tree,2,1
Frog),2,1
Rüsselsheim,2,1
builder,2,1
37.5,2,1
market.[43],2,1
II.,2,1
handful,2,1
commercial,2,1
Daihatsu,2,1
partnering,2,1
Isuzu,2,1
Wolseley,2,1
A-9,2,1
1922.,2,1
partnered,2,1
Nissan,2,1
Suzuki,2,1
Mazda,2,1
Honda,2,1
non-automotive,2,1
war,2,1
switching,2,1
1950s.,2,1
Kiichiro,2,1
Toyoda's,2,1
Toyoda,2,1
Loom,2,1
Works,2,1
eventually,2,1
Corporation,2,1
Subaru,2,1
meanwhile,2,1
formed,2,1
conglomerate,2,1
banded,2,1
Fuji,2,1
Heavy,2,1
Industries,2,1
broken,2,1
keiretsu,2,1
legislation.,2,1
contributor,2,1
change.[46],2,1
(ICE).,2,1
Organization,2,1
Vehicle,2,1
Manufacturers,2,1
mandate,2,1
low,2,1
sulphur,2,1
spirit,2,1
2010s,2,1
standards,2,1
Euro-6),2,1
emit,2,1
pollution.[47][48],2,1
future.,2,1
say,2,1
phase-out,2,1
brought,2,1
forwards,2,1
change.,2,1
Production,2,1
peaked,2,1
2017.[49][50],2,1
hydrocarbon,2,1
fuels,2,1
deflagration,2,1
(rather,2,1
detonation),2,1
ICE,2,1
autogas,2,1
CNG.,2,1
Removal,2,1
subsidies,2,1
[51][52],2,1
concerns,2,1
dependence,2,1
tightening,2,1
restrictions,2,1
gas,2,1
propelling,2,1
vehicles.,2,1
Out,2,1
nine,2,1
roads.[53],2,1
Despite,2,1
fully,2,1
2021.[53],2,1
racing,2,1
records,2,1
sometimes,2,1
employed,2,1
jet,2,1
rocket,2,1
impractical,2,1
Oil,2,1
centuries,2,1
cars;,2,1
1980s,2,1
glut,2,1
low-economy,2,1
OECD,2,1
countries.,2,1
BRIC,2,1
adding,2,1
consumption.,2,1
2023[update],2,1
hub,2,1
motors.[54][55],2,1
(even,2,1
mild,2,1
hybrid),2,1
pure,2,1
recovers,2,1
returns,2,1
wasted,2,1
getting,2,1
hot.[56],2,1
(front,2,1
drum,2,1
rear,2,1
brakes[57]),2,1
stops,2,1
improves,2,1
particularly,2,1
driving.[58],2,1
normally,2,1
operated,2,1
feet,2,1
hands,2,1
occasionally,2,1
voice,2,1
21st-century,2,1
steering,2,1
controlling,2,1
car's,2,1
manual,2,1
pedal),2,1
shift,2,1
lever,2,1
stick,2,1
changing,2,1
gears,2,1
buttons,2,1
dials,2,1
turning,2,1
ventilation,2,1
functions.,2,1
Modern,2,1
standardised,2,1
accelerator,2,1
case.,2,1
Controls,2,1
communications.,2,1
required.,2,1
once,2,1
choke,2,1
valve,2,1
timing,2,1
crank,2,1
starter.,2,1
trend,2,1
replacement,2,1
knobs,2,1
switches,2,1
secondary,2,1
touchscreen,2,1
BMW's,2,1
iDrive,2,1
MyFord,2,1
Touch.,2,1
physically,2,1
linked,2,1
mechanism,2,1
throttle,2,1
linkages,2,1
electronic,2,1
controls.,2,1
interior,2,1
lighting,2,1
toggled,2,1
manually,2,1
entertainment,2,1
originated,2,1
radios,2,1
sideways,2,1
lowered,2,1
raised,2,1
electrically,2,1
(manually,2,1
cars),2,1
auxiliary,2,1
outlets,2,1
supplying,2,1
appliances,2,1
phones,2,1
fridges,2,1
inverters,2,1
pumps,2,1
system.[59][60][a],2,1
costly,2,1
upper-class,2,1
luxury,2,1
massage,2,1
collision,2,1
avoidance,2,1
systems.[61][62],2,1
Dedicated,2,1
fuses,2,1
circuit,2,1
breakers,2,1
overload.,2,1
lights.,2,1
headlights,2,1
ahead,2,1
night;,2,1
jurisdictions,2,1
daytime,2,1
lights;,2,1
red,2,1
applied;,2,1
amber,2,1
signal,2,1
intentions,2,1
driver;,2,1
white-coloured,2,1
reverse,2,1
behind,2,1
reversing);,2,1
side,2,1
marker,2,1
lights),2,1
visibility,2,1
car.,2,1
Interior,2,1
ceiling,2,1
passengers.,2,1
boot,2,1
rarely,2,1
compartment,2,1
light.,2,1
batteries,2,1
[64],2,1
cages,2,1
anti-lock,2,1
airbags,2,1
more-powerful—if,2,1
efficient—engines[65],2,1
2019[update],2,1
weigh,2,1
tonnes,2,1
(1.1,2,1
3.3,2,1
short,2,1
tons;,2,1
0.98,2,1
2.95,2,1
tons).[66],2,1
crash,2,1
perspective,2,1
dangerous,2,1
users.[65],2,1
influences,2,1
decreased,2,1
performance.,2,1
Wuling,2,1
Hongguang,2,1
Mini,2,1
EV,2,1
typical,2,1
weighs,2,1
700,2,1
kilograms,2,1
500,2,1
lb).,2,1
extended-length,2,1
Suburban.,2,1
wider.[67],2,1
places,2,1
heavier,2,1
more:[68],2,1
improving,2,1
encourage,2,1
recycled,2,1
steel.[69],2,1
suggested,2,1
benefit,2,1
subsidising,2,1
infrastructure,2,1
batteries.[70],2,1
passengers,2,1
front,2,1
three,2,1
rear.,2,1
Full-size,2,1
sport,2,1
seven,2,1
arrangement,2,1
On,2,1
hand,2,1
sports,2,1
Utility,2,1
pickup,2,1
trucks,2,1
combine,2,1
seating,2,1
extra,2,1
functionality.,2,1
differing,2,1
capacity,2,1
luggage,2,1
availability,2,1
body,2,1
styles,2,1
consumer,2,1
among,2,1
sedan/saloon,2,1
hatchback,2,1
station,2,1
wagon/estate,2,1
coupe,2,1
minivan.,2,1
Mary,2,1
Ward,2,1
documented,2,1
fatalities,2,1
1869,2,1
Parsonstown,2,1
Ireland,2,1
[71],2,1
Bliss,2,1
US's,2,1
casualties,2,1
York,2,1
City.[72],2,1
Euro,2,1
NCAP,2,1
[73],2,1
insurance-industry-backed,2,1
Insurance,2,1
Institute,2,1
Highway,2,1
Safety,2,1
(IIHS).[74],2,1
of:,2,1
insurance,2,1
[9],2,1
weighed,2,1
benefits—perceived,2,1
real—of,2,1
convenience,2,1
[11],2,1
power.[76],2,1
benefit:,2,1
[c]ouples,2,1
finally,2,1
head,2,1
unchaperoned,2,1
plus,2,1
snuggle,2,1
close,2,1
night.[77],2,1
include;,2,1
land,2,1
care,2,1
life;,2,1
balanced,2,1
generates.,2,1
include:,2,1
economy,2,1
wellbeing,2,1
opportunities.,2,1
humans,2,1
[80],2,1
tyres,2,1
wear,2,1
[81],2,1
emission,2,1
standards.[82],2,1
rely,2,1
consume,2,1
quarter,2,1
2019[update].[49],2,1
Both,2,1
pollute,2,1
cars.[83],2,1
vans,2,1
caused,2,1
8%,2,1
direct,2,1
dioxide,2,1
2021.[84],2,1
2021[update],2,1
gases,2,1
emitted,2,1
tens,2,1
thousands,2,1
lifecycle,2,1
cars;[85][86],2,1
varies,2,1
considerably[87],2,1
future,2,1
lasting,2,1
batteries[88],2,1
factories.[89],2,1
governments,2,1
fiscal,2,1
discourage,2,1
cars;[90],2,1
doing,2,1
low-emission,2,1
zones.[91],2,1
Fuel,2,1
act,2,1
efficient,2,1
hence,2,1
vehicles),2,1
fuels.[citation,2,1
High,2,1
strong,2,1
consumers,2,1
fuel-efficient,2,1
[citation,2,1
drive.[91],2,1
millionkm,2,1
(1.2,2,1
millionmiles),2,1
lot.[92],2,1
According,2,1
Energy,2,1
Agency,2,1
rated,2,1
light-duty,2,1
0.9%,2,1
2017,2,1
1.8%,2,1
annual,2,1
reduction,2,1
2010,2,1
2015.,2,1
Given,2,1
slow,2,1
progress,2,1
IEA,2,1
estimates,2,1
decrease,2,1
4.3%,2,1
2030.[93],2,1
economy.[49],2,1
Amsterdam,2,1
2030.[94],2,1
Chinese,2,1
licensing,2,1
[95],2,1
stop,2,1
selling,2,1
2025,2,1
2050.[96],2,1
manufacture,2,1
resource,2,1
factories,2,1
waste,2,1
consumption.[97],2,1
Manufacturing,2,1
kWh,2,1
emits,2,1
amount,2,1
burning,2,1
full,2,1
tank,2,1
petrol.[98],2,1
allowed,2,1
sprawl,2,1
therefore,2,1
encouraging,2,1
inactivity,2,1
obesity,2,1
lead,2,1
diseases.[99],2,1
plants,2,1
negatively,2,1
destruction,2,1
pollution.,2,1
loss,2,1
square,2,1
metres,2,1
(540,2,1
sq,2,1
ft),2,1
primary,2,1
correlations.[100][clarification,2,1
killed,2,1
roadkill.,2,1
significant,2,1
green,2,1
bridges,2,1
(designed,2,1
allow,2,1
crossings),2,1
corridors.,2,1
Growth,2,1
commuting,2,1
traffic,2,1
congestion.[101],2,1
Moscow,2,1
Istanbul,2,1
Bogotá,2,1
Mexico,2,1
City,2,1
São,2,1
Paulo,2,1
2018,2,1
according,2,1
INRIX,2,1
analytics,2,1
company.[102],2,1
Mass,2,1
extensive,2,1
territories,2,1
Australia,2,1
Argentina,2,1
vastly,2,1
group,2,1
suburban,2,1
exurban,2,1
rural,2,1
areas.[citation,2,1
divide,2,1
dependency,2,1
domination,2,1
car-based,2,1
presents,2,1
barriers,2,1
employment,2,1
neighbourhoods,2,1
[103],2,1
individuals,2,1
families,2,1
income.[104],2,1
Dependency,2,1
African,2,1
Americans,2,1
exposure,2,1
hazards,2,1
racial,2,1
discrimination,2,1
financing,2,1
insuring,2,1
them.[105],2,1
continuing,2,1
[106],2,1
propulsion,2,1
wireless,2,1
[107],2,1
[108],2,1
hydrogen/electric,2,1
hybrids.[109],2,1
Research,2,1
forms,2,1
ammonia,2,1
cells.[110],2,1
replace,2,1
bodies,2,1
[111],2,1
fiberglass,2,1
fiber,2,1
biocomposites,2,1
nanotubes.[112],2,1
Telematics,2,1
pay-as-you-go,2,1
basis,2,1
carpool,2,1
schemes.,2,1
Communication,2,1
connected,2,1
systems.[113],2,1
Fully,2,1
autonomous,2,1
driverless,2,1
robotaxis[114][115],2,1
general,2,1
use.[116],2,1
aiming,2,1
approach,2,1
designing,2,1
machinery,2,1
compensation.,2,1
None,2,1
succeeded,2,1
whole,2,1
hardware,2,1
ready,2,1
introduced.,2,1
hacking,2,1
diagnostics,2,1
(OBD),2,1
done,2,1
far.[117],2,1
Car-share,2,1
arrangements,2,1
carpooling,2,1
popular,2,1
Europe.[118],2,1
car-sharing,2,1
double-digit,2,1
membership,2,1
2006,2,1
2007.,2,1
residents,2,1
rather,2,1
neighbourhoods.[119],2,1
develops,2,1
manufactures,2,1
markets,2,1
sells,2,1
three-quarters,2,1
2020,2,1
56,2,1
[120],2,1
down,2,1
67,2,1
year.[121],2,1
produces,2,1
(20,2,1
2020),2,1
(seven,2,1
million),2,1
South,2,1
Korea,2,1
India.[122],2,1
Around,2,1
road;[123],2,1
burn,2,1
trillion,2,1
litres,2,1
(0.26×10^12,2,1
gal;,2,1
0.22×10^12,2,1
imp,2,1
gal),2,1
yearly,2,1
exajoules,2,1
(14,2,1
TWh),2,1
energy.[124],2,1
India.[13],2,1
opinion,2,1
proved,2,1
unsustainable,2,1
excessive,2,1
affecting,2,1
populations,2,1
delivering,2,1
declining,2,1
investment.,2,1
negative,2,1
effects,2,1
fall,2,1
disproportionately,2,1
drive,2,1
cars.[125][126],2,1
sustainable,2,1
focuses,2,1
problems.,2,1
facing,2,1
competition,2,1
re-evaluate,2,1
Established,2,1
aspects,2,1
busses,2,1
trolleybusses,2,1
trains,2,1
subways,2,1
tramways,2,1
rail,2,1
cycling,2,1
walking.,2,1
Bicycle,2,1
Copenhagen,2,1
Amsterdam.,2,1
Similar,2,1
programmes,2,1
cities.[127][128],2,1
Additional,2,1
modes,2,1
transit,2,1
serve,2,1
socially,2,1
accepted.[129],2,1
checked,2,1
Low,2,1
Neighbourhood,2,1
London,2,1
overpass,2,1
approximately,2,1
times,2,1
20,2,1
difference,2,1
growing,2,1
time.[130],2,1
General:,2,1
Effects:,2,1
Mitigation:,2,1
fundraising,9,1
option,9,1
donating,9,1
Wikipedia.,9,1
wiki,9,1
pages.,9,1
apply,9,1
special,9,1
At,9,1
label.,9,1
Try,9,1
sandbox.,9,1
gives,9,1
editorial,9,1
board;,9,1
edits,9,1
community.,9,1
introduction.,9,1
editing,9,1
infowikimedia.org.,9,1
answered,9,1
longtime,9,1
vast,9,1
Wikipedia-related,9,1
issues.,9,1
Thanks,9,1
again,9,1
us!,9,1
Car/wiki/Car.,29,1
Or,29,1
Google,29,1
DuckDuckGo,29,1
preferred,29,1
engine.You,29,1
blank,29,1
Entry,29,1
Creator!,29,1
leave,29,1
note.,29,1
Wikibooks,30,1
generative,30,1
AI.,30,1
Wikiversity,30,1
browse,30,1
books.,30,1
recommends,32,1
amend,32,1
preferences.,32,1
allows,32,1
redirects,32,1
term.,32,1
reproduces,32,1
fiction,32,1
non-fiction,32,1
poetry,32,1
essays,32,1
biographical,32,1
scientific,32,1
etc.,32,1
display,32,1
prioritised,32,1
setting.,32,1
Will,34,1
choose.,34,1
Wikidata,37,1
given,37,1
Special:ItemByTitle.,37,1
Below,47,1
deletions,47,1
restorations.,47,1
file,47,1
uploaded,47,1
Wikipedia:Why,47,1
I,47,1
deleted?,47,1
Administrators,47,1
partial,47,1
titles,47,1
Special:Undelete.,47,1
Others,47,1
{{Admin,47,1
help}}.,47,1
matching,47,1
log.,47,1
project.,50,1
may:,50,1
you:,50,1
Be,50,1
aware:,50,1
nonprofit,50,1
operates,50,1
Wiktionary.,50,1
powerful,50,1
principle:,50,1
alone.,50,1
collectively,50,1
gathering,50,1
analyzing,50,1
seek,50,1
usable,50,1
beneficial.,50,1
information-gathering,50,1
hand-in-hand,50,1
transparency.,50,1
collects,50,1
shares,50,1
transfer,50,1
That,50,1
important.,50,1
sign,50,1
anything.,50,1
figure,50,1
engaging,50,1
ideas,50,1
contributing,50,1
fun.,50,1
simply:,50,1
champions,50,1
grow,50,1
thrive.,50,1
recognize,50,1
minority,50,1
familiar,50,1
Whether,50,1
terminology,50,1
expert,50,1
refresher,50,1
Glossary,50,1
helpful.,50,1
(not,50,1
lawyers),50,1
easily,50,1
key,50,1
table,50,1
translations:,50,1
handling,50,1
partners,50,1
parties.,50,1
sake,50,1
clarity,50,1
regardless,50,1
language:,50,1
gather,50,1
separate,50,1
Shop),50,1
developer,50,1
Cloud,50,1
Services).,50,1
meant,50,1
explain,50,1
detail,50,1
volunteers,50,1
data-collecting,50,1
script,50,1
gadget,50,1
pixel,50,1
button,50,1
tool.,50,1
violates,50,1
yourself,50,1
privacy[at]wikimedia.org,50,1
investigate.,50,1
Where,50,1
govern,50,1
CheckUser,50,1
rules,50,1
reduce,50,1
offered,50,1
Whatever,50,1
discussion,50,1
permanent,50,1
piece,50,1
altered,50,1
deletion,50,1
individually,50,1
data-related,50,1
How,50,1
Receive,50,1
From,50,1
Unless,50,1
assume,50,1
anything,50,1
redistributed,50,1
uncomfortable,50,1
permanently,50,1
analysis,50,1
political,50,1
affiliation,50,1
gender.,50,1
Email,50,1
example).,50,1
Great!,50,1
problem!,50,1
required,50,1
rare,50,1
circumstances.,50,1
signing,50,1
require,50,1
recover,50,1
careful,50,1
username.,50,1
verify,50,1
yours.,50,1
submitted,50,1
temporarily.,50,1
content;,50,1
usernames,50,1
investigation.,50,1
required:,50,1
credit,50,1
card,50,1
entirely,50,1
hide,50,1
to).,50,1
author,50,1
(you!).,50,1
assist,50,1
removing,50,1
localize,50,1
demographic,50,1
yourself.,50,1
informed,50,1
Providing,50,1
to—it,50,1
that.,50,1
in.,50,1
determine,50,1
location),50,1
obtained,50,1
unlike,50,1
video,50,1
Finally,50,1
Examples,50,1
differently.,50,1
reflect,50,1
community's,50,1
values.,50,1
browsers,50,1
(possibly,50,1
unique,50,1
identification,50,1
beta,50,1
applications),50,1
preference,50,1
device's,50,1
internet,50,1
provider,50,1
carrier,50,1
website,50,1
simply,50,1
enhance,50,1
administer,50,1
vandalism;,50,1
test,50,1
performance;,50,1
interact,50,1
analyze,50,1
trends.,50,1
technologies.,50,1
storage.,50,1
realize,50,1
reputation,50,1
town,50,1
less-than-noble,50,1
So,50,1
clear,50,1
text,50,1
address),50,1
visit).,50,1
unless,50,1
so.,50,1
authorized,50,1
mistakenly,50,1
administrator),50,1
privacy@wikimedia.org.,50,1
Locally,50,1
like:,50,1
more?,50,1
expire,50,1
browser.,50,1
function,50,1
properly,50,1
concerning,50,1
kept,50,1
logs,50,1
alongside,50,1
pursuing,50,1
charitable,50,1
including:,50,1
consent;,50,1
keeping,50,1
interest.,50,1
emails,50,1
advertise,50,1
opportunity,50,1
thoughts,50,1
answers,50,1
provide.,50,1
responses,50,1
surveys,50,1
apps,50,1
points,50,1
near,50,1
deactivate,50,1
OS,50,1
functionalities,50,1
still,50,1
being,50,1
upload.,50,1
expand,50,1
communities.,50,1
manner,50,1
sections,50,1
titled,50,1
Legal,50,1
Reasons,50,1
Protect,50,1
Ourselves,50,1
Others.,50,1
agree.,50,1
scholarship,50,1
chapter.,50,1
authorities,50,1
persons,50,1
official,50,1
valid.,50,1
Requests,50,1
notify,50,1
preserve,50,1
satisfy,50,1
valid,50,1
enforceable,50,1
warrant,50,1
subpoena,50,1
court,50,1
regulation,50,1
judicial,50,1
order.,50,1
user's,50,1
invalid,50,1
intend,50,1
oppose,50,1
it.,50,1
notifying,50,1
ten,50,1
(10),50,1
demand.,50,1
restrained,50,1
credible,50,1
threat,50,1
life,50,1
limb,50,1
disclosing,50,1
Nothing,50,1
objections,50,1
defenses,50,1
third-party's,50,1
(whether,50,1
civil,50,1
criminal,50,1
governmental),50,1
seeking,50,1
advice,50,1
counsel,50,1
immediately,50,1
involving,50,1
Subpoena,50,1
days',50,1
owners,50,1
extremely,50,1
substantially,50,1
reorganization,50,1
consolidation,50,1
acquisition),50,1
continue,50,1
notification,50,1
WikimediaAnnounce-L,50,1
thirty,50,1
(30),50,1
enforce,50,1
violations,50,1
community-based,50,1
policies.,50,1
defend,50,1
ourselves,50,1
threats,50,1
selecting,50,1
amongst,50,1
hold,50,1
rights.,50,1
amounts,50,1
vandalism,50,1
minimize,50,1
disruptive,50,1
supposed,50,1
Access,50,1
accountable,50,1
checks,50,1
balances:,50,1
selected,50,1
community-driven,50,1
overseen,50,1
peers,50,1
names,50,1
comes,50,1
imminent,50,1
serious,50,1
bodily,50,1
harm,50,1
death,50,1
detect,50,1
assess,50,1
spam,50,1
malware,50,1
fraud,50,1
unlawful,50,1
concerns.,50,1
FAQ,50,1
information.),50,1
mission.,50,1
needed,50,1
perform,50,1
agreements,50,1
protective,50,1
policies;,50,1
powers,50,1
depends,50,1
volunteer,50,1
spend,50,1
testing,50,1
code,50,1
evolve,50,1
needs.,50,1
facilitate,50,1
contain,50,1
non-Personal,50,1
scholars,50,1
academics,50,1
interested,50,1
Sharing,50,1
viewing,50,1
statistics,50,1
patterns.,50,1
contractual,50,1
instructions.,50,1
publish,50,1
impose,50,1
abide,50,1
agreement,50,1
regularly,50,1
screen,50,1
audit,50,1
(You,50,1
re-identification,50,1
Any,50,1
–,50,1
specifically,50,1
protected,50,1
And,50,1
registering,50,1
logging,50,1
publicly.,50,1
think,50,1
desired,50,1
elsewhere.,50,1
control,50,1
network,50,1
firewalls,50,1
security),50,1
Unfortunately,50,1
thing,50,1
secure,50,1
breached,50,1
(by,50,1
violation,50,1
procedures).,50,1
(but,50,1
temporary,50,1
requested,50,1
reset).,50,1
let,50,1
sending,50,1
email.,50,1
shortest,50,1
improvement,50,1
de-identified,50,1
90,50,1
Non-Personal,50,1
retained,50,1
indefinitely,50,1
appropriate.,50,1
remember,50,1
transparency,50,1
projects',50,1
revision,50,1
histories,50,1
critical,50,1
efficacy,50,1
trustworthiness.,50,1
restrict/object,50,1
copy,50,1
purposes,50,1
transmitting,50,1
Contact,50,1
Us.,50,1
respond,50,1
exercise,50,1
intervention.,50,1
registered,50,1
download,50,1
Preferences.,50,1
San,50,1
Francisco,50,1
California,50,1
servers,50,1
centers,50,1
decide,50,1
inside,50,1
outside,50,1
processed,50,1
disclosed,50,1
stringent,50,1
connection,50,1
providing,50,1
strongly,50,1
protecting,50,1
Under,50,1
May,50,1
Share,50,1
web,50,1
signal.,50,1
Not,50,1
Track,50,1
Substantial,50,1
comment,50,1
period,50,1
naturally,50,1
accurately,50,1
reflects,50,1
modify,50,1
time.,50,1
reserve,50,1
manner:,50,1
up-to-date,50,1
continued,50,1
effective,50,1
subsequent,50,1
constitutes,50,1
acceptance,50,1
part.,50,1
suggestions,50,1
directly.,50,1
EUrepresentative.Wikimedia@twobirds.com,50,1
UKrepresentative.Wikimedia@twobirds.com,50,1
Our,50,1
Representative,50,1
contacted,50,1
queries,50,1
relation,50,1
protection.,50,1
jurisdiction,50,1
lodge,50,1
complaint,50,1
supervisory,50,1
competent,50,1
region.,50,1
enjoy,50,1
appreciate,50,1
participation,50,1
constantly,50,1
repository,50,1
differences,50,1
interpretation,50,1
translation,50,1
precedence.,50,1
approved,50,1
Amanda,50,1
Keton,50,1
7,50,1
pursuant,50,1
Delegation,50,1
policy-making,50,1
went,50,1
effect,50,1
2021.,50,1
Previous,50,1
below:,50,1
project.Per,52,1
resolution,52,1
Foundation's,52,1
funds,52,1
supports,52,1
resources.,52,1
empowering,52,1
reach,52,1
vision,52,1
sum,52,1
human,52,1
diverse,52,1
inclusive,52,1
positive,52,1
safe,52,1
healthy,52,1
joins,52,1
join),52,1
ensuring,52,1
remains,52,1
embracing,52,1
revisiting,52,1
updates,52,1
needed.,52,1
Also,52,1
distort,52,1
will:,52,1
defines,52,1
interacts,52,1
contributes,52,1
spaces.,52,1
organizers,52,1
affiliates,52,1
in-person,52,1
virtual,52,1
instances:,52,1
provides,52,1
baseline,52,1
collaboration,52,1
Communities,52,1
context,52,1
criteria,52,1
listed,52,1
standard.,52,1
equally,52,1
exceptions.,52,1
Actions,52,1
contradict,52,1
sanctions.,52,1
imposed,52,1
designated,52,1
(as,52,1
appropriate,52,1
context),52,1
owner,52,1
platforms.,52,1
Every,52,1
Wikimedian,52,1
editor,52,1
functionary,52,1
affiliate,52,1
employee,52,1
responsible,52,1
civility,52,1
collegiality,52,1
solidarity,52,1
good,52,1
citizenship.,52,1
mental,52,1
disabilities,52,1
appearance,52,1
national,52,1
religious,52,1
ethnic,52,1
background,52,1
caste,52,1
class,52,1
fluency,52,1
sexual,52,1
orientation,52,1
identity,52,1
sex,52,1
career,52,1
field.,52,1
Nor,52,1
standing,52,1
skills,52,1
accomplishments,52,1
expect,52,1
others.,52,1
communicating,52,1
mutual,52,1
respect.,52,1
behaviours:,52,1
aims,52,1
behaviours,52,1
movement:,52,1
outrage,52,1
upset,52,1
main,52,1
outcome.,52,1
Behaviour,52,1
beyond,52,1
tolerate,52,1
global,52,1
intercultural,52,1
environment.,52,1
emotional,52,1
vulnerable,52,1
workplaces,52,1
friends,52,1
family,52,1
effort,52,1
embarrass.,52,1
single,52,1
repetition.,52,1
Abuse,52,1
occurs,52,1
someone,52,1
perceived,52,1
privilege,52,1
influence,52,1
engages,52,1
disrespectful,52,1
cruel,52,1
violent,52,1
verbal,52,1
psychological,52,1
overlap,52,1
harassment.,52,1
Deliberately,52,1
biased,52,1
false,52,1
inaccurate,52,1
inappropriate,52,1
hindering,52,1
impeding,52,1
hampering,52,1
(and/or,52,1
maintenance),52,1
